yr,mo,avg_price,min_price,max_price
2004,1,6343.238383366572,6100.149006869399,6517.199628634426
2004,2,6170.047654535942,6047.743359666997,6345.364771611817
2004,3,6178.213071196,5996.098613719081,6348.532139133103
2004,4,5979.365443698986,5765.125063954116,6265.556718870718
2004,5,5859.5724050398085,5721.862354167502,6050.417300706101
2004,6,6026.557107154772,5841.4925557978695,6229.180085596747
2004,7,6183.953408356463,6037.2826285211,6324.846589626625
2004,8,6274.108508049016,6121.820663327296,6438.717254571461
2004,9,6302.972073998176,6213.821865242147,6466.581917460689
2004,10,6480.586068709887,6379.998795160299,6574.00503315402
2004,11,6645.934525615999,6429.28432907533,6822.48014373512
2004,12,6539.0671616167265,6401.911189343141,6756.000061785746
2005,1,6247.703536464052,6200.829893849003,6292.397533518973
2005,2,6238.8325738802005,6061.938883548576,6413.119295076608
2005,3,6392.530483605804,6258.785433632398,6527.30448564158
2005,4,6324.968162437941,6243.510972407396,6441.172943892808
2005,5,6195.057926032829,6114.224194937979,6306.799877827254
2005,6,6334.450113823288,6137.579685008628,6474.583673402511
2005,7,6219.722764307895,6157.5502746327875,6291.661414129363
2005,8,6427.369002244529,6323.702218897698,6545.33797376378
2005,9,6738.480858879955,6542.696204288119,6970.782351796074
2005,10,7061.734773737447,6899.5931954687185,7181.124813928479
2005,11,7272.713749324903,6937.838008804023,7649.2629121346245
2005,12,7766.234923075096,7448.487870413844,8112.616046957826
2006,1,8126.823902743663,7858.576845380056,8356.36675457199
2006,2,8192.823959376989,7950.859492484361,8428.217053593144
2006,3,8261.629881115345,8016.2297836132675,8686.413749444502
2006,4,9123.181608104587,8702.783965095556,9709.382187990264
2006,5,10080.155006311812,9655.268762164056,10672.28454457387
2006,6,9090.180593290559,8583.500335677172,9746.32493253372
2006,7,9760.68701451238,9528.469435948145,10228.650102141733
2006,8,9703.15243774747,9409.205388897335,10041.475674681658
2006,9,9152.198975494006,8833.652033086577,9774.396907762182
2006,10,8838.92827027834,8545.11195937728,9084.625131435509
2006,11,9319.214272969637,9141.471124161306,9565.851797634527
2006,12,9288.050249522446,9093.905528826168,9538.597629326905
2007,1,9243.024701722716,8884.335109693457,9524.447633356738
2007,2,9724.570501456292,9427.846841589078,10033.077212112963
2007,3,9501.015679080585,9382.08156706315,9710.84112545787
2007,4,9475.800087110281,9137.591639574097,9635.596696424178
2007,5,9025.073105557813,8770.058230793577,9302.716904818539
2007,6,8830.12894633029,8713.040090956181,9013.47739840407
2007,7,8922.405080808592,8720.955610468285,9146.7443354112
2007,8,8992.586537602643,8865.142324475939,9090.851692927843
2007,9,9527.977758576284,9234.0388072536,9751.126105942469
2007,10,9863.184883612515,9519.565417864496,10275.021406211696
2007,11,10468.085742114452,10078.836006813226,10839.253054448161
2007,12,10521.285947728542,10308.228287017148,10893.695289945052
2008,1,11550.34881241751,11137.203182343033,12012.634219003861
2008,2,12098.40704751036,11536.562461590445,12773.358264280252
2008,3,12719.21272521597,12049.900246276418,13298.705977069727
2008,4,11988.986636282627,11502.932684809191,12402.298960577002
2008,5,12339.079634677906,11443.185826070583,13016.047714498067
2008,6,12520.10547599616,12246.382818430147,13062.245123660226
2008,7,13210.298150007788,12611.441574638031,13851.409097346408
2008,8,11914.9677677031,11845.19102540012,11960.67720144892
2008,9,12435.448737349965,11117.948460292007,13654.265040472625
2008,10,12778.545124616892,11671.382398015887,14222.434619369622
2008,11,12146.65729532219,11403.758722732984,13417.881834975951
2008,12,13124.732862838546,12259.114342073728,13954.48634819174
2009,1,13782.934047492821,12923.045032554013,14828.947510683985
2009,2,15194.932799296266,14225.611895311307,16104.112912022967
2009,3,15502.99380699413,14937.613522128258,15918.320242045693
2009,4,14628.74116287952,14141.14263193782,15349.068557475577
2009,5,14778.846383366854,14337.91187193374,15144.837716401993
2009,6,14796.257964163546,14548.012190393692,15167.766528960427
2009,7,14847.056148605923,14572.617112764876,15144.641133198842
2009,8,15032.424543252533,14794.547459976746,15231.212205436274
2009,9,15803.164488692095,15281.271211874859,16071.845767246892
2009,10,15955.287218217416,15640.437559413296,16171.867095584737
2009,11,17126.623848755116,16150.023418231931,17941.59753147953
2009,12,17186.375311016414,16618.01887247416,18304.53361295252
2010,1,16780.374180968407,16350.969677783041,17099.705137491208
2010,2,16625.060829412374,16071.074187715856,16948.17033358832
2010,3,16565.79712338616,16189.67175805723,17124.22691496093
2010,4,16730.389627618173,16433.05807846914,17088.922121201067
2010,5,18008.396642819403,17038.028845879882,18672.99032213601
2010,6,18732.884281094648,18364.189647630592,19029.892866665177
2010,7,18181.42732313493,17667.3003429727,18403.832392167566
2010,8,18488.8379952808,17835.178293725763,19111.892410868262
2010,9,19108.083978899085,18826.559791354604,19257.905022444418
2010,10,19444.760472069065,19082.728283272045,19925.72573666265
2010,11,20030.684181139935,19301.01915894506,20694.167519195224
2010,12,20487.942207837434,20079.526419856287,20773.416772257042
2011,1,20125.97073729397,19565.125183814856,20798.685625277703
2011,2,20335.71080474323,19739.424758252037,20861.98817905016
2011,3,20832.876923083353,20425.506764530473,21045.114091589912
2011,4,21401.33563338248,20708.97166053619,22461.74990366557
2011,5,22058.678645314234,21401.640853954195,22620.766825841438
2011,6,22300.380704712752,21919.09356309937,22647.26075402521
2011,7,22786.44984228847,21551.69317305718,23339.68441361204
2011,8,25888.259494460184,23308.553882093394,28027.973530209456
2011,9,27180.382445817642,25563.62792567945,28124.29897938685
2011,10,26714.63203761025,25698.81926182344,28252.89828075344
2011,11,28567.280164672262,27074.962166435078,29427.4892815684
2011,12,27901.89737458289,26470.40404790706,29160.761885807573
2012,1,28000.46882526361,27200.347336071463,29915.21365006883
2012,2,28117.88448354299,27487.51052988849,28816.56232638826
2012,3,27883.431073177617,26840.289217502042,28837.079195628485
2012,4,28496.679906626454,27089.813220942277,29220.94805637907
2012,5,28767.234163740475,27628.4935830224,29378.155939304233
2012,6,29970.159961279598,29209.31358300078,30452.71988034005
2012,7,29514.605615944558,28931.450116285145,30325.519118098302
2012,8,30257.512819547297,29441.026980140858,31333.889000398573
2012,9,31902.285603413235,31232.77352986801,32794.35720163501
2012,10,30932.123348293997,30540.922994024793,31462.59995462243
2012,11,31530.050061767204,30033.052620182483,32432.823021100263
2012,12,30759.283607858,30001.4620114383,31197.176091883444
2013,1,30920.406201619462,30165.692156706176,31504.90196766488
2013,2,29806.906661539346,28958.17919734698,30379.122724065608
2013,3,29512.05745366883,29122.250344814962,29891.37299751663
2013,4,27508.554334155502,25277.094333910965,29596.50450687825
2013,5,26476.20436577499,25480.245944341998,27188.584428802646
2013,6,26969.079030500958,25471.061014774445,28062.908434349287
2013,7,26654.87796854299,25342.858098685578,27710.31312749356
2013,8,30048.311924047197,27626.825990482466,33653.671110071235
2013,9,30427.793876352272,29172.14089789653,33725.190308394274
2013,10,28665.330257586917,27531.43652468359,29390.7376292854
2013,11,28261.49752258417,27318.68472036113,28967.496146786234
2013,12,26783.533845849146,26215.1955231359,27529.262457852827
2014,1,27291.509099873172,26791.004293925824,28040.96628026858
2014,2,28596.97655401952,27626.363179158623,29479.980572017324
2014,3,28832.73862071188,27160.455711558407,29973.691903238087
2014,4,27697.077976376393,27147.917485647315,28322.0762235273
2014,5,27005.525610952234,25946.41262523867,27812.338935148695
2014,6,27056.116113938104,26033.50864218027,28145.235928367172
2014,7,27826.127304345257,27301.80228465735,28459.334543077206
2014,8,27854.91365633198,27301.12357101103,28423.355137195696
2014,9,26565.419293092647,26084.593092050767,27229.652357116778
2014,10,26513.313110945473,25443.632244092743,27088.865137974837
2014,11,25634.915209854422,24792.466460083702,26224.724610475376
2014,12,26612.82445731247,26003.743215157596,27022.412289130032
2015,1,27543.873929736736,26436.358815164556,28314.557690439284
2015,2,26871.22981472205,26316.562588792545,27988.839524388764
2015,3,26014.546632273526,25490.90077551825,26659.526774031678
2015,4,26573.4365142505,26248.64597498543,27108.574657172518
2015,5,27005.253588567768,26385.62808440844,27754.90518823454
2015,6,26639.716660455197,26334.390552168825,27196.155664792685
2015,7,25385.558613958605,24513.230168672933,26300.322342028296
2015,8,25726.67365638649,24504.352884335043,26932.60573638437
2015,9,26321.81476071091,25863.779550038438,26997.442077945045
2015,10,26682.080995185413,25820.63071491142,27243.731501434188
2015,11,25322.673510153694,24861.642717072507,26276.20600811567
2015,12,25179.59253144778,24686.225611440677,25621.759777733525
2016,1,26119.712487716377,25167.74732448315,26906.10396899572
2016,2,28992.81713718469,27063.103765975666,30053.332165417312
2016,3,29503.422621442984,28797.269051795647,30205.372161646927
2016,4,29200.00700639216,28584.066323628296,30291.46495145329
2016,5,29803.745246332248,28741.3469527179,30453.38834410068
2016,6,30355.059505815814,28815.07847616072,31746.930137046933
2016,7,31774.35527838944,31329.04611687233,32547.05345311538
2016,8,31658.960474692867,31025.618924039434,32209.420743065366
2016,9,31259.372709622556,30871.909189396443,31716.442466558612
2016,10,29825.360301919725,29421.049814059912,30806.921092419154
2016,11,29520.556410621542,28408.017401889465,30816.1492761087
2016,12,27620.46283854221,27050.37660201611,28349.647906239734
2017,1,28725.840559403016,27961.111006051007,29252.392902251933
2017,2,29251.417771386063,28780.65906562338,29641.350538638268
2017,3,28669.945451541626,27916.590232361967,29462.537178226972
2017,4,28962.576278293065,28432.57376635082,29439.651268357033
2017,5,28324.347029014418,27661.444047078076,29068.86480107808
2017,6,28720.937003271723,28302.932406153253,29455.066217053693
2017,7,28190.008411794828,27660.470864387775,28792.090188361613
2017,8,29052.998475992383,28329.213245340878,29779.934283281233
2017,9,29929.101519207226,29341.069155102883,30452.466706242547
2017,10,29437.395448775344,28980.535268013205,29939.75034711262
2017,11,29362.710776216012,28890.278105938378,29883.785425278773
2017,12,28761.841432736815,28185.6448377896,29595.578637144234
2018,1,29958.011839930074,29434.945696648847,30633.332474736802
2018,2,30276.716767890153,29677.619052950315,30800.42772855573
2018,3,30452.91029446759,30061.34817317234,31141.816334715422
2018,4,30990.983193008946,30440.36003728551,31440.99587192497
2018,5,31146.531902863026,30640.043786815513,31652.03401577354
2018,6,30703.328205540853,30289.980204173695,31258.09965085069
2018,7,30047.4080466923,29636.35933753429,30672.245164602224
2018,8,29528.73681937268,29106.389654182192,30311.11157056231
2018,9,30612.303209625174,29977.8814867723,31107.754441886063
2018,10,31643.696912092237,30439.58027756685,32279.45663555416
2018,11,31061.331126665697,30172.815338098004,32377.568950466353
2018,12,31432.587032285723,30441.768666845153,31959.479322222764
2019,1,33029.04164184256,32298.880328776715,33947.68986480908
2019,2,33992.21395666038,33571.773848438155,34787.987405654705
2019,3,32741.08317279691,32362.149612091005,33205.78066922951
2019,4,32290.35060539355,31927.283646858552,32795.16845766413
2019,5,32472.646652575,31978.554129681448,33069.04369176872
2019,6,34230.4178999937,33105.590271616806,35619.99542663748
2019,7,35204.43819268601,34550.59621511065,35655.1620168078
2019,8,38704.62690353717,35669.54201856898,40220.03515640502
2019,9,39014.880660497634,37373.989661198546,40630.984498074766
2019,10,38412.21272449044,38016.79526182219,38807.87373366742
2019,11,38015.126438017745,37549.0829128714,38709.66517302646
2019,12,38142.84051666219,37521.820972038026,39192.27496906989
2020,1,40206.695959570534,39163.54001301387,41015.90701392454
2020,2,41296.620998733146,39991.01675650265,43484.31104672633
2020,3,43071.28140731436,39547.26435545404,45940.86147590084
2020,4,46896.5902984179,42997.619180785005,48867.90060205067
2020,5,47146.1108448734,46310.61813666873,48122.01132110458
2020,6,47613.11967397255,45768.18355932233,49092.981929436566
2020,7,50156.354622075356,48309.487947889604,53238.114007171636
2020,8,53160.3151546321,51446.83632669518,55563.98553891346
2020,9,51124.617700706716,49446.76868621596,52444.88486788274
2020,10,50578.41058748413,50085.056413237224,51267.45279709168
2020,11,50153.62778043683,47489.49941265203,52334.25139454515
2020,12,49592.36740778584,48571.785322430376,50360.314422919735
2021,1,48587.571466972295,47606.156971034536,50979.13273589328
2021,2,46787.17729771053,45011.45186316423,48305.995088142125
2021,3,44581.60528323236,43614.95235292392,45239.49713481895
2021,4,46700.399782706714,45002.11186143853,48150.394423371836
2021,5,48304.43886369706,46688.02787069471,49288.516720512074
2021,6,48009.98869205944,46626.97890007475,49483.271234896725
2021,7,47915.35784543717,47028.01198072185,48504.80871907503
2021,8,47156.01464476924,45711.630663051874,48150.75879293473
2021,9,46536.891162601074,45460.11642235784,47626.08445150431
2021,10,47394.193064733445,46454.56956302332,48225.52777869429
2021,11,48241.90055148408,46916.424579183265,49570.26867862772
2021,12,48089.6126434828,47031.054846373794,48920.69156167189
2022,1,48156.39921699416,47404.60887534059,49242.38868454332
2022,2,49565.799238308704,47792.61667366541,51158.603347264645
2022,3,52911.66300752351,51764.35298277936,55992.79587385076
2022,4,52443.109161202156,51428.16373830943,53893.762939295215
2022,5,50761.411911829884,49839.70029733726,51485.91784628443
2022,6,50966.603726582354,50359.44534136309,51857.10774493945
2022,7,50899.30001854507,50178.39614295655,52519.33664019322
2022,8,51810.93048165853,50461.14361230356,52943.49380050043
2022,9,49763.19443601731,48768.16334333343,50894.96798550603
2022,10,50666.202866475774,49515.0973694244,51859.181224989465
2022,11,52113.386685382975,49871.21602517574,53145.31746372404
2022,12,54758.0366463059,53206.88957885054,55737.00406976901
2023,1,57438.94261730235,56079.85117945186,58567.827063434575
2023,2,56559.83519884939,55252.67079811298,58282.2187195198
2023,3,58204.63380040383,54896.41172416924,60835.90003365932
2023,4,60661.87141962557,60117.863746660354,61858.667847785524
2023,5,60624.189174058374,59423.90253355285,61924.94514282958
2023,6,59020.62738125519,57902.07900385293,60456.91747369677
2023,7,59270.810307875974,58146.33365567009,60009.23432904776
2023,8,58713.653662000346,57948.928767756275,59367.49694362525
2023,9,58723.11295470591,56846.120258364856,59846.58246865799
2023,10,58942.01028599194,55960.38853534039,61564.227778800116
2023,11,61185.49417279102,59535.59060506665,63137.57789148928
2023,12,62506.93669998342,60945.646341754604,64029.77265503978
2024,1,62338.15573519709,61521.41289837091,63506.663822808325
2024,2,62132.172308645306,61132.955456702155,63042.86933901501
2024,3,66347.44215591342,63973.36712918096,68346.51046998276
2024,4,71935.99034147781,68935.0652475627,74085.05884134045
2024,5,72441.0683771622,70896.76572068196,74961.51883999012
2024,6,71802.8245206901,70909.98176479797,73073.17084337732
2024,7,72120.63523708362,67121.85229934845,76100.76512084775
2024,8,70535.98165399118,68379.814825687,72252.86514886103
2024,9,73480.88040185862,71216.68279051471,76089.20354589164
2024,10,76998.00553033735,74526.12244503011,79911.26398341068
2024,11,76165.87888815561,73862.58517535121,78588.99326865278
2024,12,76552.67916623999,75236.53496140019,79074.78568544282
2025,1,80040.29030408438,77111.10870779268,83354.47938249946
2025,2,85888.56266407306,83592.68154488936,87041.7806489322
2025,3,88167.95697712048,85789.11520955357,91034.06793742238
2025,4,93435.58883568847,86025.03741573395,98697.85888465331
2025,5,95263.30239493848,92223.54048297416,98553.63236735514
2025,6,98091.37850402124,95575.36765484317,100199.2949045955
2025,7,98051.51265690826,96728.13135164657,101027.03354510295
2025,8,100571.444985157,98573.53065102825,103693.57550073633
2025,9,110768.37515710176,106448.889845,116108.48163372341
2025,10,121806.8483760541,116047.09179055862,130052.86823199631
2025,11,123528.08504351866,119365.5209481583,128469.64722658593
2025,12,132239.11248884487,127857.92504686075,139079.0670902567
2026,1,146378.65693411714,132274.3433562757,166823.79150949494
2026,2,154952.09787244876,144437.9345103733,162224.52807065187
2026,3,153485.99512186798,139797.57966269457,164336.6568667076
2026,4,150476.2520133183,146605.27293480228,156125.64817021377
2026,5,149410.0064109773,145362.97554782525,153105.11313942884
2026,6,137240.0433587358,129348.1948321835,146683.75613205813
2026,7,144372.97485751816,140873.5720167964,147714.39321565867
2026,8,155570.05064852478,142282.19373961954,164208.15500395713
2026,9,155690.56734458986,152905.95487181013,157092.10576311292
